Match No.,Date,Stage,Team 1,Team 2,Venue,Time,Winner,Result Summary
1,2025-11-15,Group Stage,Janakpur Bolts,Lumbini Lions,"TU Cricket Ground, Kirtipur",12:15 PM,Lumbini Lions,Lumbini Lions won by 4 wickets
2,2025-11-16,Group Stage,Sudurpaschim Royals,Kathmandu Gurkhas,"TU Cricket Ground, Kirtipur",09:15 AM,Sudurpaschim Royals,Sudurpaschim Royals won by 35 runs
3,2025-11-16,Group Stage,Chitwan Rhinos,Biratnagar Kings,"TU Cricket Ground, Kirtipur",01:15 PM,Chitwan Rhinos,Chitwan Rhinos won by 6 wickets
4,2025-11-17,Group Stage,Karnali Yaks,Pokhara Avengers,"TU Cricket Ground, Kirtipur",01:15 PM,Karnali Yaks,Karnali Yaks won by 18 runs
5,2025-11-18,Group Stage,Lumbini Lions,Chitwan Rhinos,"TU Cricket Ground, Kirtipur",09:15 AM,Lumbini Lions,Lumbini Lions won by 5 wickets
6,2025-11-18,Group Stage,Janakpur Bolts,Sudurpaschim Royals,"TU Cricket Ground, Kirtipur",01:15 PM,Sudurpaschim Royals,Sudurpaschim Royals won by 7 wickets
7,2025-11-19,Group Stage,Kathmandu Gurkhas,Biratnagar Kings,"TU Cricket Ground, Kirtipur",01:15 PM,Kathmandu Gurkhas,Kathmandu Gurkhas won by 42 runs
8,2025-11-20,Group Stage,Pokhara Avengers,Janakpur Bolts,"TU Cricket Ground, Kirtipur",09:15 AM,Pokhara Avengers,Pokhara Avengers won by 3 wickets
9,2025-11-20,Group Stage,Sudurpaschim Royals,Karnali Yaks,"TU Cricket Ground, Kirtipur",01:15 PM,Sudurpaschim Royals,Sudurpaschim Royals won by 24 runs
10,2025-11-21,Group Stage,Biratnagar Kings,Lumbini Lions,"TU Cricket Ground, Kirtipur",09:15 AM,Lumbini Lions,Lumbini Lions won by 6 wickets
11,2025-11-21,Group Stage,Chitwan Rhinos,Kathmandu Gurkhas,"TU Cricket Ground, Kirtipur",01:15 PM,Kathmandu Gurkhas,Kathmandu Gurkhas won by 15 runs
12,2025-11-22,Group Stage,Karnali Yaks,Janakpur Bolts,"TU Cricket Ground, Kirtipur",01:15 PM,Karnali Yaks,Karnali Yaks won by 5 wickets
13,2025-11-23,Group Stage,Pokhara Avengers,Sudurpaschim Royals,"TU Cricket Ground, Kirtipur",09:15 AM,Sudurpaschim Royals,Sudurpaschim Royals won by 8 wickets
14,2025-11-23,Group Stage,Lumbini Lions,Kathmandu Gurkhas,"TU Cricket Ground, Kirtipur",01:15 PM,Lumbini Lions,Lumbini Lions won by 4 wickets
15,2025-11-24,Group Stage,Biratnagar Kings,Karnali Yaks,"TU Cricket Ground, Kirtipur",09:15 AM,Biratnagar Kings,Biratnagar Kings won by 2 wickets
16,2025-11-24,Group Stage,Janakpur Bolts,Chitwan Rhinos,"TU Cricket Ground, Kirtipur",01:15 PM,Chitwan Rhinos,Chitwan Rhinos won by 20 runs
17,2025-11-26,Group Stage,Kathmandu Gurkhas,Pokhara Avengers,"TU Cricket Ground, Kirtipur",09:15 AM,Kathmandu Gurkhas,Kathmandu Gurkhas won by 6 wickets
18,2025-11-26,Group Stage,Sudurpaschim Royals,Lumbini Lions,"TU Cricket Ground, Kirtipur",01:15 PM,Sudurpaschim Royals,Sudurpaschim Royals won by 12 runs
19,2025-11-27,Group Stage,Chitwan Rhinos,Karnali Yaks,"TU Cricket Ground, Kirtipur",09:15 AM,Karnali Yaks,Karnali Yaks won by 4 wickets
20,2025-11-27,Group Stage,Biratnagar Kings,Janakpur Bolts,"TU Cricket Ground, Kirtipur",01:15 PM,Janakpur Bolts,Janakpur Bolts won by 5 wickets
21,2025-11-28,Group Stage,Pokhara Avengers,Lumbini Lions,"TU Cricket Ground, Kirtipur",09:15 AM,Lumbini Lions,Lumbini Lions won by 7 wickets
22,2025-11-28,Group Stage,Kathmandu Gurkhas,Karnali Yaks,"TU Cricket Ground, Kirtipur",01:15 PM,Kathmandu Gurkhas,Kathmandu Gurkhas won by 28 runs
23,2025-11-29,Group Stage,Sudurpaschim Royals,Biratnagar Kings,"TU Cricket Ground, Kirtipur",09:15 AM,Sudurpaschim Royals,Sudurpaschim Royals won by 6 wickets
24,2025-11-29,Group Stage,Chitwan Rhinos,Pokhara Avengers,"TU Cricket Ground, Kirtipur",01:15 PM,Pokhara Avengers,Pokhara Avengers won by 4 wickets
25,2025-11-30,Group Stage,Lumbini Lions,Karnali Yaks,"TU Cricket Ground, Kirtipur",09:15 AM,Lumbini Lions,Lumbini Lions won by 3 wickets
26,2025-11-30,Group Stage,Janakpur Bolts,Kathmandu Gurkhas,"TU Cricket Ground, Kirtipur",01:15 PM,Kathmandu Gurkhas,Kathmandu Gurkhas won by 18 runs
27,2025-12-01,Group Stage,Sudurpaschim Royals,Chitwan Rhinos,"TU Cricket Ground, Kirtipur",09:15 AM,Sudurpaschim Royals,Sudurpaschim Royals won by 5 wickets
28,2025-12-01,Group Stage,Biratnagar Kings,Pokhara Avengers,"TU Cricket Ground, Kirtipur",01:15 PM,Biratnagar Kings,Biratnagar Kings won by 14 runs